Type Name,Cyclomatic Complexity,Exception Handlers,Exception Throws,Method Length,Locals Variables,Object Instantiations,Stack Size,Number Of Fields,Number Of Methods,Nested Types,Properties,Depth In Tree,Total Toxicity
Convert,26.8,0,7,5.3575,0,1.33333333333333,473.200000000002,0,15.7,0,0,0,534
TypeBuilder,39.4,0,15.6666666666667,7.585,1.93333333333333,3,194.8,2.8,8.55,0,2.6,0,283
RuntimeType,81.6,0,14.6666666666667,10.075,1.8,4.83333333333333,132.2,2.2,7.55,2.5,3.2,0,273
String,72.6,0,13.6666666666667,1.07,0,1.16666666666667,167.2,0,9.4,0,0,0,272
Type,25.4,0,1.66666666666667,1.9125,0,0,197.6,0,9.45,0,6.3,0,245
AppDomain,28.8,0,2.66666666666667,4.0175,1.2,1.33333333333333,175,2.6,11.85,0,2.9,0,236
CultureData,37,1.66666666666667,0,8.785,0,0,143.6,23.3,6.9,0,7.3,0,235
DateTimeParse,129.2,0,0,26.1775,2.6,0,34.8,1.3,4.25,2,0,0,213
Task,38.6,0,6.33333333333333,2.415,1.13333333333333,0,128.8,3,6.8,3.5,3.3,0,199
ModuleBuilder,23.6,0,8,6.865,4.2,2.33333333333333,141.2,0,7.35,0,0,0,199
DateTimeFormatInfo,33.8,0,1.66666666666667,6.7775,2,0,117,8.4,6.05,0,5.6,0,188
Array,47.6,0,18.3333333333333,0,0,1.16666666666667,99.5999999999999,0,6.4,2.5,0,0,181
PermissionSet,70.4,0,0,11.5475,2.73333333333333,2.83333333333333,65.6,2.2,4.75,0,0,0,166
RegistryKey,26.8,3,4,5.8825,1.66666666666667,4.16666666666667,110,2.3,4.35,0,0,0,166
AppDomainSetup,23.4,0,0,2.075,0,0,125.6,1.3,4.75,0,4.7,0,164
FileStream,62,0,11,5.6525,1.46666666666667,2.5,66.6,3.1,3.2,0,0,0,160
AssemblyBuilder,26.6,0,10,7.735,1.46666666666667,8.33333333333333,95.1999999999999,0,5.2,0,1.5,0,160
Console,24.6,0,6,3.2925,1.06666666666667,2.66666666666667,102.6,2.2,5.85,1.5,2.7,0,156
Parallel,30.6,1.66666666666667,20.3333333333333,9.0025,3.66666666666667,6.33333333333333,70.8,0,2.15,4.5,0,0,155
DateTime,20.4,0,1.33333333333333,0,0,0,117,4.4,6.2,0,1.8,0,154
Decimal,7.4,0,0,0,0,1.16666666666667,133.8,1.8,6.55,0,0,0,153
StringBuilder,47.6,0,10.6666666666667,1.9675,0,0,80.4,1.1,4.55,0,0,0,151
IsolatedStorageFile,35.8,4,18.3333333333333,3.985,0,6.16666666666667,67.2,2.6,5.05,0,0,0,149
Marshal,8.2,0,5.66666666666667,0,0,0,121,1.1,10.2,0,0,0,149
TimeZoneInfo,49,4,5.33333333333333,4.15,1.53333333333333,2.5,54.8,4,4.45,3,0,0,143
TaskFactory,1.2,0,0,0,0,1.33333333333333,127.4,0,5,5.5,0,0,143
MethodBuilder,11.8,0,5.33333333333333,3.0875,1.4,3.66666666666667,100.4,3.1,3.95,0,1.9,0,137
Encoding,13.2,0,0,2.255,0,2,97.5999999999999,6.3,4.3,2,2.3,0,133
CompareInfo,23.4,0,8.33333333333333,0,0,0,83.4,1.9,3.35,0,0,0,122
Thread,0,0,0,0,0,0,105.6,1.3,7.25,0,1.6,0,117
NumberFormatInfo,5.8,0,2,0,0,0,92.8,3.6,3.7,0,3,0,112
UTF8Encoding,63,0,4,11.73,1.2,0,25.2,0,1.6,0,0,0,111
GenericTypeParameterBuilder,0,0,0,0,0,0,104,0,3.4,0,1.9,0,109
Assembly,1.2,0,0,0,0,0,102,0,4.1,0,1.5,0,108
Char,9.2,0,1.66666666666667,0,0,0,86.3999999999999,0,4.05,0,0,0,103
UnicodeEncoding,58.8,0,4,11.2675,4.46666666666667,0,18.8,0,1.35,0,0,0,103
EnumBuilder,0,0,0,0,0,0,96.3999999999999,0,3.1,0,1.6,0,101
RijndaelManagedTransform,33,0,7,15.025,7.33333333333333,1.16666666666667,27.6,2.4,1.15,0,0,0,99
ISO2022Encoding,59.8,0,0,9.03,0,0,23.6,0,1.1,1.5,0,1.25,99
IdnMapping,31,0,13.6666666666667,7.125,3.13333333333333,4.33333333333333,31.4,1.5,1.3,0,0,0,96
TypeBuilderInstantiation,0,0,0,0,0,0,91.1999999999999,0,3.1,0,1.8,0,96
CommonAcl,49.2,0,0,4.2025,2,1.33333333333333,30,0,2.2,1.5,0,0,94
Hashtable,16,0,3,3.6725,0,1.16666666666667,55.6,2.1,2.85,3,1.1,0,92
Directory,18.6,3.33333333333333,3,2.8675,2.66666666666667,1.83333333333333,53.4,0,3,0,0,0,91
Math,3.2,0,0,0,0,0,84.8,0,3.9,0,0,0,91
List<T>,10.8,0,0,0,0,0,73.2,0,3.65,0,0,0,90
UmAlQuraCalendar,2.4,0,0,10.6875,0,22.8333333333333,46.4,1.3,1.8,0,0,0,89
TimeSpan,0,0,0,0,0,0,81.6,2.5,3.15,0,1.2,0,89
DynamicMethod,11,0,3,1.4625,0,0,66.8,1.5,2.35,0,1.4,0,89
RuntimeMethodInfo,13.4,0,2.33333333333333,0,0,1.16666666666667,63.6,1.3,2.85,0,2.5,0,88
MethodCall,19,1.33333333333333,1.33333333333333,3.425,1.2,0,53.6,1.7,2.45,0,1.4,0,88
X509Certificate,2.6,0,0,1.205,0,0,78.4,1.2,3.2,0,0,0,88
ObjectReader,32.8,2.66666666666667,0,9.0925,0,0,33.6,3.2,1.95,0,0,0,87
OpCodes,0,0,0,18.3525,0,37.6666666666667,4,22.6,0,0,0,0,87
CultureInfo,11.8,0,0,0,0,2.33333333333333,60,3.5,4.1,0,3.4,0,87
Message,14.4,0,1.33333333333333,4.6625,0,0,57.6,2.8,3,0,1.4,0,87
SignatureHelper,16,0,2,1.665,0,0,61.2,0,2.8,0,0,0,86
SymbolType,5.6,0,1.33333333333333,1.245,0,1.16666666666667,72,0,2.65,0,1.1,0,86
MethodBase,2.8,0,0,0,0,0,76.6,0,3.05,0,3.5,0,85
PolicyLevel,25.2,0,2.66666666666667,5.2725,2.8,6.83333333333333,33.4,1.8,2.95,0,0,0,85
EventProvider,21.2,0,0,6.12,5.53333333333333,0,42.6,2.1,2.45,2.5,0,0,85
RemotingServices,32.4,0,1.66666666666667,0,1.06666666666667,0,38.6,1.7,4.9,0,0,0,84
Variant,3,0,0,2.87,0,0,70.4,0,2.45,1.5,2.3,0,84
TaskFactory<TResult>,1.2,0,0,0,0,1.33333333333333,71.0000000000001,0,2.85,4.5,0,0,82
Guid,37.6,0,1.66666666666667,7.26,0,0,25.2,1.2,2.05,2,0,0,81
ArrayList,6,0,0,0,0,0,59.2,0,2.85,5.5,0,0,81
FileIOPermission,42.8,0,0,2.105,0,1.33333333333333,29.2,0,1.85,0,0,0,80
Path,43.6,0,5.66666666666667,3.9025,2.13333333333333,3.16666666666667,16,1.5,1.7,0,0,0,80
__BinaryParser,11.4,0,0,9.9925,0,0,47.8,2.6,2.4,0,0,0,78
TimeSpanParse,43.6,0,0,9.4725,1.4,0,11.8,0,1.15,4.5,0,0,78
__BinaryWriter,3.8,0,0,1.06,0,0,66.2,2.3,2.45,0,0,0,77
ConcurrentDictionary<TKey,TValue>,13.4,0,1.33333333333333,0,0,0,52.8,0,3.2,1.5,1.4,0,76
RemotingXmlConfigFileParser,39.4,0,0,8.29,2.33333333333333,10.1666666666667,9.2,0,2.15,0,0,0,76
IsolatedStorage,17.4,0,2,0,0,2.66666666666667,44.4,3.4,2.35,0,1.4,0,75
RuntimeAssembly,7.8,0,0,0,0,0,56.6,0,6.05,0,1.7,0,74
WindowsIdentity,10.6,2.66666666666667,4,2.205,1.66666666666667,2,45.8,0,2.6,0,1.2,0,74
RegistrationServices,34.8,8.66666666666667,3.66666666666667,6.0275,1.06666666666667,0,14,1.1,1.45,0,0,0,74
MethodResponse,12.4,0,0,2.52,1.4,1.16666666666667,49,1.5,2,0,1.6,0,73
TypeDelegator,0,0,0,0,0,0,70.6,0,2.2,0,1.1,0,73
ResourceReader,22.2,0,9.66666666666667,8.6075,1.2,4.66666666666667,17.8,1.8,1.65,0,0,0,72
Dictionary<TKey,TValue>,11.6,0,0,0,0,0,49.6,1.5,2.55,2,1.5,0,72
Delegate,17,0,13.3333333333333,0,0,1.33333333333333,36.2,0,2.35,0,0,0,71
File,5.4,3,8,0,0,0,48.6,0,3.35,0,0,0,71
RuntimeConstructorInfo,8.8,0,2.66666666666667,0,0,1.33333333333333,52,1.3,2.1,0,2,0,71
Enum,12.2,0,3,1.1525,0,1.5,46.4,0,2.95,1.5,0,0,71
ObjectWriter,27.8,0,0,6.8325,1.4,0,28.4,2.2,1.75,0,0,0,71
URLString,31.2,0,3,2.145,0,0,29.6,1.2,1.75,0,0,0,71
SecurityIdentifier,12.8,0,8.66666666666667,2.2,1.66666666666667,3.16666666666667,37.8,0,1.8,0,0,0,70
EventProviderBase,32.2,0,0,4.3475,0,0,25.8,1.4,2.2,0,0,0,70
Attribute,17.6,0,2.66666666666667,0,1.06666666666667,0,43.2,0,2.8,0,0,0,69
TextWriter,1.2,0,1.33333333333333,0,0,0,62.8,0,2.35,0,0,0,68
UTF32Encoding,32.2,0,4,4.4175,0,0,23.6,0,1.45,0,0,0,68
Double,4,0,0,0,0,0,62.4,0,2.25,0,0,0,68
ConstructorBuilder,1.4,0,0,0,0,0,63.8,0,2.05,0,1.1,0,68
CustomAttribute,19,0,1.66666666666667,3.63,2.13333333333333,0,37.4,0,1.9,0,0,0,68
Evidence,19,0,0,0,0,0,36.8,1.1,3.25,2.5,1.1,0,67
FrameworkEventSource,0,0,0,0,0,0,65,0,2.4,0,0,0,67
DefaultBinder,42.8,0,0,7.4575,2,0,11.2,0,1.1,0,0,0,67
UTF7Encoding,28.6,0,4,1.055,0,0,28,0,1.35,2,0,0,67
SecurityException,4.4,0,0,1.31,0,0,53.2,2.6,2.3,0,1.3,0,66
ObjectHolder,2.8,0,0,0,0,0,57.6,2.1,2.05,0,2.1,0,66
Single,4,0,0,0,0,0,59.2,0,2.15,0,0,0,65
Calendar,1.8,0,0,0,0,0,56.2,4.2,3.05,0,0,0,65
GregorianCalendar,15.8,0,1.33333333333333,0,0,0,41.4,1.1,1.85,0,0,0,63
ObjectManager,22.4,0,3.66666666666667,2.92,0,1.16666666666667,27,1.6,2,0,0,0,63
Win32Native,0,0,0,0,0,0,7.4,24.3,10.1,21.5,0,0,63
StreamReader,18.8,0,0,2.2,0,0,36.2,1.9,1.6,0,0,0,62
ResourceManager,25.8,0,1.33333333333333,1.53,1.2,0,24.8,2.8,1.8,0,0,0,62
Environment,22.4,0,1.66666666666667,0,0,1.16666666666667,25.2,1.4,3.15,2,2.6,0,62
DirectoryInfo,2,0,1.66666666666667,1.035,0,1.16666666666667,52.4,0,2.25,0,0,0,61
ObjRef,14.4,0,0,2.3375,0,0,40,1.2,2,0,0,0,61
UnmanagedMemoryStream,16,0,9.66666666666667,0,0,3.66666666666667,28.8,0,1.45,0,0,0,61
TextInfo,3.2,0,0,0,0,0,52,1.3,2.35,0,0,0,60
RealProxy,17.2,0,3,1.5225,2.46666666666667,1.83333333333333,31.2,0,1.95,0,0,0,60
RuntimeModule,10,0,5.66666666666667,2.12,2.26666666666667,0,36,0,2.25,0,0,0,60
ILGenerator,15.8,0,1.33333333333333,1.085,0,0,32,2.7,3.5,0,0,0,60
Module,2.6,0,0,0,0,0,54,0,2.65,0,0,0,59
AssemblyName,2,0,0,1.115,0,0,50.2,1.3,2.4,0,1.1,0,59
HijriCalendar,3.4,2,0,0,0,0,48.8,1.7,1.8,0,0,0,59
DateTimeOffset,0,0,0,0,0,0,51,0,4.05,0,2,0,58
Activator,3.4,0,1.66666666666667,0,0,0,51.6,0,1.75,0,0,0,58
Identity,2.6,0,0,0,0,0,50.6,2.2,1.95,0,1.3,0,58
ConstructorCallMessage,0,0,0,0,0,0,52.8,1.2,1.7,0,1.8,0,57
RuntimeTypeHandle,1.4,0,0,0,0,0,49,0,5.95,0,0,0,57
JapaneseCalendar,4.2,0,0,0,0,0,50.6,0,1.8,0,0,0,57
SortedList,1.2,0,1.33333333333333,0,0,0,47.2,0,2.1,2.5,0,0,57
ASCIIEncoding,30.8,0,4,1.4975,0,0,17.2,0,1.1,0,0,0,56
StringExpressionSet,23.2,0,0,0,0,0,29.6,0,1.8,0,0,0,56
HebrewCalendar,2.8,0,0,1.1175,0,0,46.8,1.7,1.85,0,0,0,55
IsolatedStorageFileStream,4.2,1.33333333333333,1.33333333333333,1.0925,0,0,45,0,1.7,0,0,0,55
CommonSecurityDescriptor,7.2,0,1.33333333333333,0,0,0,44.4,0,1.55,0,1.3,0,55
SecurityPermissionAttribute,0,0,0,0,0,0,51.2,0,1.6,0,1.5,0,54
Task<TResult>,0,0,0,0,0,0,51.6,0,1.9,0,0,0,54
Context,8.6,0,0,0,0,0,38.4,2.1,2.55,0,1.1,0,54
Number,35,0,1.33333333333333,3.31,1.33333333333333,0,8.8,0,2.05,0,0,0,54
FieldInfo,1.2,0,0,0,0,0,48,0,1.95,0,1.9,0,53
Int16,3.8,0,0,0,0,0,48,0,1.7,0,0,0,53
WaitHandle,6.2,0,5.33333333333333,0,0,0,40,0,1.85,0,0,0,53
SByte,3.8,0,0,0,0,0,48,0,1.7,0,0,0,53
SecurityElement,11.2,0,1.33333333333333,1.355,0,0,32.8,1.3,2.25,0,0,0,52
PersianCalendar,3.2,0,0,0,0,0,44.8,1.7,1.7,0,0,0,52
PropertyBuilder,0,0,0,0,0,0,50.8,0,1.7,0,0,0,52
Variant,4,0,0,3.0925,0,8.83333333333333,27.2,4.5,1.5,0,0,0,51
SerializationInfo,3,0,0,0,0,0,43.2,1.1,2.6,0,0,0,51
MetadataImport,0,0,0,0,0,0,48.2,0,3.45,0,0,0,51
JulianCalendar,6.2,0,0,0,0,0,42.6,0,1.6,0,0,0,51
ReadOnlyCollection<T>,2.2,0,0,0,0,0,46.4,0,1.6,0,0,0,50
DateTimeFormat,23.4,0,0,3.7075,1.4,0,17.8,0,1.1,0,0,0,50
CustomAttributeBuilder,16.8,0,8,5.385,0,4.33333333333333,14.4,0,0,0,0,0,50
CodeGroup,13,0,0,2.5625,0,0,30,0,1.9,0,0,0,49
FrameSecurityDescriptor,6.2,1.33333333333333,1.33333333333333,1.34,0,0,36.4,1.1,1.5,0,0,0,49
SecurityManager,16,0,2,1.0825,0,4.16666666666667,23.6,0,1.4,0,0,0,49
GregorianCalendarHelper,13.8,0,0,0,0,0,30,2.7,1.5,0,0,0,49
UInt16,0,0,0,0,0,0,48,0,1.65,0,0,0,49
Utils,22,0,4.66666666666667,1.0625,0,1.5,13.6,0,3.5,0,0,0,49
Byte,0,0,0,0,0,0,48,0,1.65,0,0,0,49
DBCSCodePageEncoding,27,0,0,7.055,2.73333333333333,0,9.6,0,0,0,0,0,48
PseudoCustomAttribute,31,0,0,0,0,0,14.4,0,1.15,0,0,0,48
ParameterInfo,2.4,0,1.66666666666667,0,0,0,41.6,0,1.4,0,1.3,0,48
RuntimePropertyInfo,1.2,0,0,0,0,0,43.2,1.3,1.9,0,1.3,0,48
UnmanagedMemoryAccessor,10.8,0,14.3333333333333,0,0,3.83333333333333,14.4,0,2.2,0,0,0,47
UInt32,0,0,0,0,0,0,46.4,0,1.55,0,0,0,47
MethodOnTypeBuilderInstantiation,0,0,0,0,0,0,44.8,0,1.45,0,1.5,0,47
MemoryStream,11.8,0,6,0,0,0,26.8,0,1.65,0,0,0,47
StackBasedReturnMessage,0,0,0,0,0,0,44.8,0,1.45,0,1.6,0,47
Int32,0,0,0,0,0,0,46.4,0,1.55,0,0,0,47
UInt64,0,0,0,0,0,0,46.4,0,1.55,0,0,0,47
Int64,0,0,0,0,0,0,46.4,0,1.55,0,0,0,47
ModuleHandle,3.6,0,0,0,0,0,40.4,0,2.1,0,0,0,46
StreamWriter,10.2,0,2.66666666666667,0,0,0,30.8,1.6,1.35,0,0,0,46
ThaiBuddhistCalendar,0,0,0,0,0,0,45,0,1.4,0,0,0,46
MethodBuilderInstantiation,0,0,0,0,0,0,43.2,0,1.4,0,1.4,0,46
TaiwanCalendar,0,0,0,0,0,0,44.6,0,1.45,0,0,0,46
RemotingConfigHandler,8.8,0,1.33333333333333,0,0,0,29.6,0,1.75,0,0,0,45
CryptoConfig,21.4,0,1.33333333333333,8.6025,2.33333333333333,0,8,0,0,0,0,0,45
ObjectSecurity,1.4,0,0,0,0,0,38.2,0,2.5,0,1.3,0,44
KoreanCalendar,0,0,0,0,0,0,43.4,0,1.4,0,0,0,44
CollectionBase,0,0,0,0,0,0,41.6,0,1.55,0,0,0,43
MulticastDelegate,13,0,0,0,0,0,27,0,1.75,0,0,0,43
DirectoryObjectSecurity,12.2,0,1.66666666666667,6.6175,0,1.33333333333333,18.4,0,1.1,0,0,0,43
GB18030Encoding,17.2,0,0,3.9575,0,0,18.8,0,0,0,0,1.25,43
RIPEMD160Managed,2.2,0,0,20.825,0,0,14,0,0,0,0,0,43
Collection<T>,2.2,0,0,0,0,0,40,0,1.7,0,0,0,43
CustomAttributeData,8.8,0,0,3.655,0,3.16666666666667,23.4,0,1.65,0,0,0,43
NetCodeGroup,18.2,0,0,1.135,0,0,19.2,0,1.45,0,0,0,42
ChannelServices,17.8,0,1.33333333333333,1.105,0,1.16666666666667,17.6,0,1.6,0,0,0,42
PolicyStatement,9.4,0,0,1.13,0,2.33333333333333,25.6,0,1.35,0,0,0,41
DictionaryBase,0,0,0,0,0,0,40,0,1.45,0,0,0,41
ThreadPool,1.2,0,0,0,0,0,36.6,0,2.7,0,0,0,41
EastAsianLunisolarCalendar,8.4,0,0,0,0,0,27.4,1.3,2.25,0,0,0,41
BinaryFormatter,0,0,0,0,0,0,39.6,0,1.35,0,0,0,40
Version,9.8,0,1.33333333333333,1.045,0,0,25.2,0,1.45,0,0,0,40
ConstructorOnTypeBuilderInstantiation,0,0,0,0,0,0,38.4,0,1.25,0,1.2,0,40
Exception,2.8,0,0,1.1575,0,0,30.4,2,2,0,0,0,40
EventAttribute,0,0,0,0,0,0,36.8,1.1,1.15,0,1.1,0,40
ExecutionContext,10.4,0,0,0,0,0,25.6,1.1,1.45,0,0,0,39
RtFieldInfo,8,0,0,0,0,0,29.8,0,1.2,0,0,0,39
RegistryPermission,21.8,0,0,0,0,0,16,0,0,0,0,0,39
Boolean,2.6,0,0,0,0,0,35.2,0,1.35,0,0,0,39
IdentityReferenceCollection,8,0,2,2.105,1.4,2,24,0,0,0,0,0,39
BinaryReader,13,0,2.66666666666667,0,0,0,20.8,0,1.5,0,0,0,39
SBCSCodePageEncoding,26.4,0,0,4.2375,0,0,6.4,0,0,0,0,0,39
ResourceWriter,9.8,1.66666666666667,1.33333333333333,5.4775,2.2,2.83333333333333,13.8,0,0,0,0,0,39
DynamicILGenerator,13.8,0,2.66666666666667,0,0,0,19.2,0,1.55,0,0,0,38
FieldBuilder,1.2,0,1.66666666666667,0,0,0,34.6,0,1.3,0,0,0,38
FileSystemSecurity,5,0,0,0,0,0,32.4,0,1.15,0,0,0,38
RawSecurityDescriptor,4.8,0,3.33333333333333,0,0,1.5,28.4,0,0,0,0,0,38
Tokenizer,11.2,0,2,4.395,1.33333333333333,1.16666666666667,10.8,3.6,0,2.5,0,0,38
ISCIIEncoding,16.6,0,0,3.655,0,0,14,2.7,0,0,0,0,38
SymmetricAlgorithm,2.8,0,0,0,0,0,33.6,0,1.45,0,0,0,37
HostProtectionAttribute,0,0,0,0,0,0,36.8,0,1.15,0,0,0,37
FileIOPermissionAttribute,1.6,0,0,0,0,0,34.8,0,1.1,0,0,0,37
ManualResetEventSlim,5.2,0,0,0,0,0,28.8,1.5,1.55,0,0,0,37
RuntimeMethodHandle,0,0,0,0,0,0,33.2,0,4,0,0,0,37
ObjectSecurity<T>,0,0,0,0,0,0,36,0,1.2,0,0,0,37
Stream,3.4,0,3.66666666666667,0,0,0,24.8,0,1.9,2.5,0,0,37
MethodReturnMessageWrapper,0,0,0,0,0,0,35.2,0,1.15,0,1.4,0,37
EncodingNLS,17.4,0,4,0,0,0,14,0,0,0,0,0,36
DBNull,0,0,0,0,0,0,35.2,0,1.1,0,0,0,36
CryptoStream,7.6,0,2.66666666666667,3.655,0,0,20,1.2,0,0,0,0,36
XMLUtil,15.2,0,0,3.1575,0,6.33333333333333,10,0,0,0,0,0,36
FileInfo,0,0,0,0,0,0,35.2,0,1.6,0,0,0,36
ReturnMessage,2.6,0,0,0,0,0,30.4,1.3,1.25,0,1.4,0,36
PropertyInfo,1.2,0,0,0,0,0,33.6,0,1.55,0,0,0,36
IntPtr,0,0,0,0,0,0,35.2,0,1.3,0,0,0,36
RuntimeParameterInfo,7.4,0,0,2.16,2,1.16666666666667,20.8,0,1.3,0,0,0,36
FileIOAccess,10,0,0,0,0,0,23.6,0,1.15,0,0,0,35
LogicalCallContext,8.4,0,0,0,0,0,25.6,0,1.25,0,0,0,35
DecoderNLS,12.2,0,3,0,0,0,20,0,0,0,0,0,35
SoapServices,10.4,0,0,0,0,1.16666666666667,19.2,1.1,1.5,0,0,0,35
SymbolMethod,0,0,0,0,0,0,33.8,0,1.05,0,0,0,34
Contract,2.4,0,0,0,0,0,30.4,0,1.3,0,0,0,34
UIntPtr,0,0,0,0,0,0,33.6,0,1.2,0,0,0,34
RegionInfo,0,0,2.66666666666667,0,0,0,28.8,0,1.2,0,1.4,0,34
BitConverter,5.6,0,1.66666666666667,0,0,0,25.6,0,1.35,0,0,0,34
__Error,6,0,5,1.43,0,2.5,19.2,0,0,0,0,0,34
SynchronizationAttribute,7.4,1.33333333333333,0,0,0,0,22,1.5,1.25,0,0,0,33
Parser,10.2,0,4,3.7025,0,2,12.8,0,0,0,0,0,33
EventWaitHandleSecurity,1.2,0,0,0,0,0,31.6,0,1.1,0,0,0,33
CodeAccessSecurityEngine,7.2,0,0,0,0,0,23.6,0,1.6,0,0,0,33
MutexSecurity,1.2,0,0,0,0,0,31.6,0,1.1,0,0,0,33
EncoderNLS,12.2,0,3,0,0,0,18.4,0,0,0,0,0,33
StackFrame,1.8,0,0,0,0,0,30.4,0,1.1,0,0,0,33
NativeObjectSecurity,8.2,0,0,1.5575,0,3.33333333333333,20,0,0,0,0,0,33
__ExceptionInfo,1.6,0,0,0,0,0,28.8,2.3,1.15,0,0,0,33
FieldOnTypeBuilderInstantiation,0,0,0,0,0,0,32,0,1.1,0,0,0,33
BinaryWriter,1.8,0,0,0,0,0,28.2,0,1.45,0,0,0,32
RSACryptoServiceProvider,1.4,0,0,0,0,0,28.2,0,1.85,0,0,0,32
ActivationContext,1.4,0,1.66666666666667,0,0,0,25.6,0,1.45,1.5,1.1,0,32
CancellationTokenSource,3.4,0,0,0,0,0,25.2,1.5,1.25,0,0,0,31
RegistrySecurity,0,0,0,0,0,0,30,0,1.05,0,0,0,31
RemotingConfiguration,0,0,0,0,0,0,30.4,0,1.35,0,0,0,31
ConcurrentStack<T>,3.4,0,1.33333333333333,0,0,0,25.6,0,1.55,0,0,0,31
CancellationToken,1.4,0,0,0,0,0,28.8,0,1.1,0,0,0,31
ReadObjectInfo,6,0,0,1.1525,0,0,20.4,1.9,1.2,0,0,0,31
RemotingProxy,9.8,0,0,1.485,1.2,1.5,16.8,0,0,0,0,0,31
__DTString,10.6,0,0,0,0,0,17.6,0,1.25,0,0,0,31
MethodCallMessageWrapper,0,0,0,0,0,0,30.4,0,0,0,1.2,0,31
BufferedStream,12.8,0,2.66666666666667,0,0,0,14.2,0,0,0,0,0,31
RuntimeEventInfo,0,0,0,0,0,0,28,1.2,1.2,0,0,0,30
PasswordDeriveBytes,2.6,0,1.33333333333333,0,0,0,23.4,1.1,1.15,0,0,0,30
Normalization,3.2,0,2.66666666666667,0,0,0,21.6,1.6,1.05,0,0,0,30
CryptoKeySecurity,1.2,0,0,0,0,0,28.8,0,0,0,0,0,30
MetadataToken,0,0,0,0,0,0,28.8,0,0,0,1.4,0,30
ConstructorInfo,1.2,0,0,0,0,0,28.8,0,0,0,0,0,30
BitArray,3.6,0,2,0,0,0,21.6,0,1.3,0,0,0,30
StrongNameMembershipCondition,14.8,0,0,0,0,0,14,0,1.05,0,0,0,30
PermissionListSet,8.6,0,0,0,0,0,18.8,0,1.3,0,0,0,29
SecureString,2.6,0,0,0,0,0,24.4,0,1.5,0,0,0,29
CharUnicodeInfo,2.4,0,0,0,0,0,24,1.4,1.2,0,0,0,29
NTAccount,7.4,0,3.66666666666667,2.7025,1.66666666666667,2,10.8,0,0,0,0,0,29
CryptoAPITransform,7.6,0,3.33333333333333,1.24,0,0,17.6,0,0,0,0,0,29
LongPathDirectory,13.4,3.33333333333333,1.66666666666667,3.0225,2.86666666666667,1.16666666666667,2.8,0,0,0,0,0,29
HashAlgorithm,5,0,5,0,0,0,19.2,0,0,0,0,0,29
PrincipalPermission,14.2,0,0,1.7775,0,0,11.6,0,0,0,0,0,29
FormatterServices,11.6,0,3.33333333333333,1.015,0,0,11.2,0,1.25,0,0,0,29
DynamicILInfo,0,0,0,0,0,0,28.8,0,1.1,0,0,0,29
Tuple<T1,T2,T3,T4,T5,T6,T7,TRest>,4,0,0,1.6375,0,0,22.6,0,0,0,0,0,29
DSACryptoServiceProvider,1.6,0,0,0,0,0,25,0,1.6,0,0,0,29
EventInfo,1.2,0,0,0,0,0,27.2,0,1.25,0,0,0,29
StrongNameIdentityPermission,15.2,0,0,0,0,1.16666666666667,11.2,0,0,0,0,0,29
GCHandle,0,0,0,0,0,0,27.2,0,1.4,0,0,0,28
SiteString,8.2,0,1.66666666666667,1.085,0,0,17.6,0,0,0,0,0,28
FormatterConverter,0,0,0,0,0,0,28.8,0,0,0,0,0,28
ListDictionaryInternal,6,0,2.66666666666667,0,0,0,17.6,0,0,1.5,0,0,28
Overlapped,0,0,0,0,0,0,27.2,0,1.05,0,0,0,28
StackTrace,6,0,0,1.5875,1.26666666666667,0,18.8,0,0,0,0,0,28
SecurityContext,2.8,0,0,0,0,0,24,0,1.6,0,0,0,28
ApplicationTrust,5.8,0,0,0,0,0,22.4,0,0,0,0,0,28
TaiwanLunisolarCalendar,0,0,0,0,0,0,27.2,1.3,0,0,0,0,28
Lease,5.8,0,0,0,0,0,17.6,1.1,1.45,1.5,0,0,28
IConvertibleContract,0,0,0,0,0,0,28.8,0,0,0,0,0,28
CommonObjectSecurity,8.8,0,2,4.4875,0,1.16666666666667,10.4,0,0,0,0,0,28
Privilege,7,0,4.66666666666667,1.085,0,1.16666666666667,8.8,4.2,0,0,0,0,28
ErrorMessage,0,0,0,0,0,0,27.2,0,0,0,1.2,0,28
SoapTypeAttribute,0,0,0,0,0,0,27.2,0,0,0,0,0,27
UIPermission,4,0,0,0,0,0,22.4,0,1.05,0,0,0,27
SerializationFieldInfo,0,0,0,0,0,0,27,0,0,0,0,0,27
IDictionaryContract,0,0,0,0,0,0,27.2,0,0,0,0,0,27
IDictionaryContract<TKey,TValue>,0,0,0,0,0,0,27.2,0,0,0,0,0,27
IListContract,0,0,0,0,0,0,27.2,0,0,0,0,0,27
DiscretionaryAcl,0,0,0,0,0,0,27.2,0,0,0,0,0,27
HashMembershipCondition,10.2,0,0,0,0,0,14.4,0,1.2,0,0,0,26
JapaneseLunisolarCalendar,0,0,0,0,0,0,25.2,1.3,0,0,0,0,26
TypeNameBuilder,4,0,0,0,0,0,20.8,0,1.55,0,0,0,26
EmptyReadOnlyDictionaryInternal,0,0,4,0,0,0,22.4,0,0,0,0,0,26
__ConsoleStream,6,0,0,0,0,0,20,0,0,0,0,0,26
DomainSpecificRemotingData,0,0,0,0,0,0,25.6,1.1,0,0,0,0,26
CustomAttributeTypedArgument,5.8,0,0,1.4975,0,0,17.6,0,0,0,0,0,26
GC,1.2,0,0,0,0,0,23.6,0,2.1,0,0,0,26
Decoder,7.4,0,2,0,0,0,17,0,0,0,0,0,26
MethodInfo,1.2,0,0,0,0,0,25.6,0,0,0,0,0,26
Tuple<T1,T2,T3,T4,T5,T6,T7>,3.6,0,0,0,0,0,22.4,0,0,0,0,0,26
OpCode,0,0,0,0,0,0,25.6,1.1,0,0,0,0,26
Mutex,4.8,0,1.66666666666667,0,0,0,18.8,0,0,0,0,0,25
ServerIdentity,2.2,0,0,0,0,0,22.4,0,1.1,0,0,0,25
RegistryPermissionAttribute,1.4,0,0,0,0,0,24,0,0,0,0,0,25
AssemblyBuilderData,7,0,2.66666666666667,3.0975,0,1.5,6.4,2.8,0,0,0,0,25
UnmanagedMemoryStreamWrapper,0,0,0,0,0,0,25.6,0,0,0,0,0,25
DateTimeFormatInfoScanner,14.6,0,0,0,0,0,8,1.8,0,0,0,0,25
SHA256Managed,2.2,0,0,1.9325,1.2,0,18.8,0,0,0,0,0,25
CodeConnectAccess,4.2,0,1.33333333333333,0,0,0,19.2,1.1,0,0,0,0,25
ManifestBasedResourceGroveler,13.6,0,0,3.6675,1.4,0,5.2,0,0,0,0,0,25
SafeBuffer,4.4,0,4.66666666666667,0,0,0,16,0,0,0,0,0,25
PolicyManager,8.6,0,1.33333333333333,1.145,1.06666666666667,1.5,11.2,0,0,0,0,0,25
SHA384Managed,2.2,0,0,1.9375,1.2,0,18.8,0,0,0,0,0,25
Queue,2.8,0,1.33333333333333,0,0,0,18.4,0,0,1.5,0,0,25
KeyContainerPermissionAccessEntry,6.6,0,0,0,0,0,19.2,0,0,0,0,0,25
StackBuilderSink,7.4,0,0,1.0025,1.13333333333333,0,15.6,0,0,0,0,0,25
SHA512Managed,2.2,0,0,1.9375,1.2,0,18.8,0,0,0,0,0,25
BaseChannelObjectWithProperties,1.8,0,0,0,0,0,24,0,0,0,0,0,25
GenericAce,8.6,0,2.66666666666667,1.1125,1.73333333333333,0,11.6,0,0,0,0,0,25
UrlIdentityPermission,11.4,0,0,0,0,0,12.8,0,0,0,0,0,25
ApplicationTrustCollection,3.2,0,1.33333333333333,0,0,0,19.2,0,1.25,0,0,0,24
StrongName,2.6,0,1.66666666666667,0,0,0,20.4,0,0,0,0,0,24
Tuple,0,0,0,0,0,0,24.2,0,0,0,0,0,24
KoreanLunisolarCalendar,0,0,0,0,0,0,23.2,1.2,0,0,0,0,24
MdFieldInfo,0,0,0,0,0,0,24,0,0,0,0,0,24
ParameterBuilder,0,0,0,0,0,0,24.8,0,0,0,0,0,24
StoreTransaction,3.4,0,0,2.2675,0,0,19.2,0,0,0,0,0,24
NamedPermissionSet,0,0,0,0,0,0,24,0,0,0,0,0,24
MemberInfo,2.8,0,0,0,0,0,20.8,0,1.05,0,0,0,24
ActivationServices,6.2,0,0,0,0,0,15.2,0,1.4,0,0,0,24
ObjectAce,7,0,0,1.4225,0,0,16,0,0,0,0,0,24
ChineseLunisolarCalendar,0,0,0,0,0,0,23.2,1.2,0,0,0,0,24
StringInfo,3.4,0,1.33333333333333,0,0,0,20.2,0,0,0,0,0,24
Tuple<T1,T2,T3,T4,T5,T6>,3.2,0,0,0,0,0,20.6,0,0,0,0,0,23
SiteIdentityPermission,11.4,0,0,0,0,0,11.2,0,0,0,0,0,23
TailStream,1.4,0,0,0,0,0,22,0,0,0,0,0,23
PathHelper,5.4,0,0,0,0,0,17.6,0,0,0,0,0,23
MessageDictionary,0,0,0,0,0,0,22.4,0,1.1,0,0,0,23
Converter,5.6,0,0,1.5575,0,0,9.6,4.7,0,0,0,0,23
CompressedStack,0,0,0,0,0,0,22.4,0,1.55,0,0,0,23
SpinLock,11.4,0,0,1.2225,0,0,11.2,0,0,0,0,0,23
CountdownEvent,0,0,0,0,0,0,22.4,0,1.1,0,0,0,23
Encoder,7.4,0,2,0,0,0,13.8,0,0,0,0,0,23
TimeSpanFormat,9.8,0,3,3.4625,1.06666666666667,1.83333333333333,3.2,0,0,0,0,0,23
TaskScheduler,2.2,0,0,0,0,0,19.2,0,1.35,0,0,0,22
IListContract<T>,0,0,0,0,0,0,22.4,0,0,0,0,0,22
LocalBuilder,0,0,0,0,0,0,22,0,0,0,0,0,22
PublisherIdentityPermission,11.6,0,0,0,0,0,9.6,0,0,0,0,0,22
IdentityHolder,9,0,0,0,0,0,12.8,0,0,0,0,0,22
FromBase64Transform,3.6,0,3.33333333333333,0,0,0,16,0,0,0,0,0,22
Lazy<T>,2.8,0,0,0,0,0,19.2,0,0,0,0,0,22
Latin1Encoding,8,0,0,1.4525,0,0,12.8,0,0,0,0,0,22
TrustManagerContext,0,0,0,0,0,0,22.4,0,0,0,0,0,22
TokenBasedSet,7.2,0,0,0,0,0,15.6,0,0,0,0,0,22
SoapMethodAttribute,0,0,0,0,0,0,22.4,0,0,0,0,0,22
PermissionSetTriple,1.4,0,0,0,0,0,20.8,0,0,0,0,0,22
ThrowHelper,0,0,0,1.6625,0,0,20.8,0,0,0,0,0,22
KeyContainerPermissionAttribute,0,0,0,0,0,0,22.2,0,0,0,0,0,22
CspParameters,0,0,0,0,0,0,22.4,0,0,0,0,0,22
ConcurrentQueue<T>,1.2,0,0,0,0,0,19.2,0,1.05,0,0,0,21
FileSystemInfo,1.2,0,0,0,0,0,17.6,0,1.3,0,1.2,0,21
Log,1.2,0,0,0,0,0,19.2,0,1.3,0,0,0,21
StringWriter,1.2,0,1.33333333333333,0,0,0,19.2,0,0,0,0,0,21
Tuple<T1,T2,T3,T4,T5>,2.8,0,0,0,0,0,18.8,0,0,0,0,0,21
EnvironmentPermission,7,0,0,0,0,0,14.4,0,0,0,0,0,21
ResourceSet,0,0,0,0,0,0,20.8,0,1.05,0,0,0,21
KeyContainerPermission,10.2,0,0,0,0,0,9.4,0,0,0,0,0,21
TypeLibConverter,4.8,0,2,1.015,0,1.83333333333333,9.4,0,0,0,0,0,20
BinaryMethodReturn,8.4,0,1.66666666666667,1.705,0,1.16666666666667,6.4,1.2,0,0,0,0,20
EventDescriptorInternal,1.6,0,1.33333333333333,0,0,0,17.6,0,0,0,0,0,20
RuntimeFieldInfo,0,0,0,0,0,0,20.8,0,0,0,0,0,20
PermissionSetAttribute,1.2,0,0,0,0,0,19.2,0,0,0,0,0,20
ActivationArguments,0,0,0,0,0,0,20.8,0,0,0,0,0,20
SoapQName,0,0,0,0,0,0,20.8,0,0,0,0,0,20
DebuggerVisualizerAttribute,0,0,0,0,0,0,20.8,0,0,0,0,0,20
WorkItem,0,0,0,0,0,0,18.8,1.2,0,0,0,0,20
RuntimeFieldHandle,0,0,0,0,0,0,19.2,0,1.7,0,0,0,20
RC2CryptoServiceProvider,2.8,0,1.66666666666667,0,0,0,16.4,0,0,0,0,0,20
KeyContainerPermissionAccessEntryCollection,1.4,0,1.33333333333333,0,0,0,17.6,0,0,0,0,0,20
Monitor,0,0,0,0,0,0,19.2,0,1.1,0,0,0,20
EventBuilder,0,0,0,0,0,0,20.4,0,0,0,0,0,20
EventProviderDataStream,5.6,0,0,0,0,0,15,0,0,0,0,0,20
InternalAssemblyBuilder,0,0,0,0,0,0,20.8,0,0,0,0,0,20
SoapMessage,0,0,0,0,0,0,20.8,0,0,0,0,0,20
SecurityPermission,1.4,0,0,0,0,0,17.6,1.2,0,0,0,0,20
CrossAppDomainChannel,1.2,0,0,0,0,0,19.2,0,0,0,0,0,20
Stack,2.8,0,1.33333333333333,0,0,0,12.8,0,0,1.5,0,0,19
EventProviderWriter,0,0,0,9.63,4,0,2.8,0,0,0,0,0,19
TypedReference,2.6,0,2.66666666666667,0,0,1.33333333333333,12.8,0,0,0,0,0,19
BCLDebug,4.2,0,0,1.015,0,2.16666666666667,12.4,0,0,0,0,0,19
CalendarData,9.2,0,0,4.6275,0,0,1.6,2.1,0,0,0,0,19
ReflectionPermissionAttribute,0,0,0,0,0,0,19.2,0,0,0,0,0,19
RemotingMethodCachedData,1.2,0,0,0,0,0,17.4,1.1,0,0,0,0,19
SystemAcl,0,0,0,0,0,0,19.6,0,0,0,0,0,19
AsyncResult,0,0,0,0,0,0,19.2,0,0,0,0,0,19
StreamContract,0,0,0,0,0,0,19.2,0,0,0,0,0,19
UnmanagedMarshal,3.2,0,0,0,0,0,16,0,0,0,0,0,19
HebrewNumber,4.4,0,0,3.735,1.26666666666667,4.5,3.2,0,0,1.5,0,0,19
AggregateDictionary,2.4,0,0,0,0,0,17.6,0,0,0,0,0,19
Partitioner,0,0,0,0,0,0,9.6,0,0,7.5,0,0,19
HostSecurityManager,2.4,0,1.33333333333333,0,0,0,14.4,0,0,0,0,0,18
ParallelLoopState,2.4,0,0,0,0,0,16,0,0,0,0,0,18
SemaphoreSlim,4.4,0,0,0,0,0,14.4,0,0,0,0,0,18
ToBase64Transform,2.8,0,3,0,0,0,12.8,0,0,0,0,0,18
ZoneMembershipCondition,2.6,0,0,0,0,0,15.6,0,0,0,0,0,18
WriteObjectInfo,3,0,0,0,0,0,12.6,1.7,0,0,0,0,18
MemberInfoSerializationHolder,6.4,0,3.33333333333333,2.2625,1.26666666666667,1.66666666666667,3.2,0,0,0,0,0,18
IsolatedStoragePermission,2.8,0,0,0,0,0,16,0,0,0,0,0,18
ApplicationSecurityInfo,2.4,0,0,1.06,0,1.16666666666667,13.4,0,0,0,0,0,18
FileLoadException,1.4,0,0,0,0,0,17.2,0,0,0,0,0,18
TextReader,2.8,0,1.33333333333333,0,0,0,14,0,0,0,0,0,18
Timer,0,0,4,0,0,0,14,0,0,0,0,0,18
Tuple<T1,T2,T3,T4>,2.4,0,0,0,0,0,16,0,0,0,0,0,18
TypeInfo,4,0,0,0,0,0,14.4,0,0,0,0,0,18
Store,0,0,0,0,0,0,12,0,1.15,5.5,0,0,18
Rfc2898DeriveBytes,1.2,0,0,0,0,0,16.8,0,0,0,0,0,17
DynamicResolver,5.2,0,0,0,0,0,11.2,0,0,0,0,0,17
DynamicScope,0,0,0,0,0,0,17.6,0,0,0,0,0,17
BinaryMethodCall,6.8,0,1.66666666666667,1.5,0,1.16666666666667,5.2,1.3,0,0,0,0,17
Site,0,0,0,0,0,0,17.6,0,0,0,0,0,17
SoapFault,1.4,0,0,0,0,0,16,0,0,0,0,0,17
Zone,0,0,0,0,0,0,17.6,0,0,0,0,0,17
Url,0,0,0,0,0,0,17.6,0,0,0,0,0,17
AppDomainManager,1.8,0,0,0,0,0,16,0,0,0,0,0,17
StringComparer,2.6,0,0,0,0,0,14.4,0,0,0,0,0,17
ZoneIdentityPermission,1.2,0,0,0,0,0,16,0,0,0,0,0,17
HMAC,1.2,0,0,0,0,0,16.8,0,0,0,0,0,17
SynchronizationContext,0,0,0,0,0,0,17.6,0,0,0,0,0,17
MarshalByRefObject,1.2,0,0,0,0,0,16.2,0,0,0,0,0,17
SoapMessageSurrogate,4.4,0,0,2.0975,2.13333333333333,1.16666666666667,7.6,0,0,0,0,0,17
ReaderWriterLock,0,0,0,0,0,0,16,0,1.5,0,0,0,17
PublisherMembershipCondition,2.6,0,0,0,0,0,14.4,0,0,0,0,0,17
ReadOnlyPermissionSet,0,0,0,0,0,0,17.6,0,0,0,0,0,17
SuppressMessageAttribute,0,0,0,0,0,0,17.6,0,0,0,0,0,17
CultureNotFoundException,0,0,0,0,0,0,17.6,0,0,0,0,0,17
Win32,7.4,0,3.66666666666667,0,0,2.66666666666667,4.2,0,0,0,0,0,17
EventWaitHandle,5.6,0,1.66666666666667,0,0,0,9.6,0,0,0,0,0,16
Hash,1.8,0,0,0,0,0,12.8,0,1.2,0,0,0,16
KeyedCollection<TKey,TItem>,5.2,0,0,0,0,0,11.2,0,0,0,0,0,16
AsAnyMarshaler,5,0,0,0,0,0,11.2,0,0,0,0,0,16
TaskCompletionSource<TResult>,1.8,0,0,0,0,0,14.4,0,0,0,0,0,16
GenericSecurityDescriptor,6,0,0,1.1675,0,0,9.6,0,0,0,0,0,16
RemotingCachedData,3.2,0,0,0,0,0,12.8,0,0,0,0,0,16
BadImageFormatException,1.4,0,0,0,0,0,15.6,0,0,0,0,0,16
FileNotFoundException,1.4,0,0,0,0,0,15.6,0,0,0,0,0,16
ComEventsSink,2,0,0,0,0,0,14.4,0,0,0,0,0,16
RuntimeResourceSet,6,0,0,1.5925,1.33333333333333,0,8,0,0,0,0,0,16
Tuple<T1,T2,T3>,0,0,0,0,0,0,16,0,0,0,0,0,15
SmuggledMethodCallMessage,2.6,0,0,0,0,0,12.8,0,0,0,0,0,15
AsyncFlowControl,1.2,0,1.33333333333333,0,0,0,12.8,0,0,0,0,0,15
EncoderFallbackException,0,0,0,0,0,0,16,0,0,0,0,0,15
ReflectionPermission,0,0,0,0,0,0,16,0,0,0,0,0,15
AbandonedMutexException,0,0,0,0,0,0,16,0,0,0,0,0,15
ConstructionCall,1.4,0,0,0,0,0,14.4,0,0,0,0,0,15
Interlocked,0,0,0,0,0,0,14.4,0,1.3,0,0,0,15
DriveInfo,2.4,0,0,0,0,0,12.8,0,0,0,0,0,15
ArraySegment<T>,0,0,1.33333333333333,0,0,0,14.4,0,0,0,0,0,15
SoapYear,0,0,0,0,0,0,16,0,0,0,0,0,15
EvidenceTypeDescriptor,0,0,0,0,0,0,16,0,0,0,0,0,15
SignatureDescription,0,0,0,0,0,0,16,0,0,0,0,0,15
ICollectionContract<T>,0,0,0,0,0,0,16,0,0,0,0,0,15
DebuggerDisplayAttribute,0,0,0,0,0,0,16,0,0,0,0,0,15
SiteMembershipCondition,2.6,0,0,0,0,0,12.8,0,0,0,0,0,15
Nullable<T>,0,0,0,0,0,0,16,0,0,0,0,0,15
ConfigNode,0,0,0,0,0,0,16,0,0,0,0,0,15
CodeAccessPermission,1.2,0,0,0,0,0,12.8,0,1.35,0,0,0,15
FileDialogPermission,0,0,0,0,0,0,16,0,0,0,0,0,15
SoapYearMonth,0,0,0,0,0,0,16,0,0,0,0,0,15
SecurityDocument,6.2,0,0,0,0,0,9.6,0,0,0,0,0,15
RuntimeHelpers,0,0,0,0,0,0,12.8,0,1.25,1.5,0,0,15
ApplicationId,1.8,0,1.33333333333333,0,0,0,11.2,0,0,0,0,0,14
ArgumentOutOfRangeException,0,0,0,0,0,0,14.4,0,0,0,0,0,14
DES,4,0,1.33333333333333,0,0,0,9.2,0,0,0,0,0,14
ConfigTreeParser,3.4,1.66666666666667,0,0,0,0,8,1.2,0,0,0,0,14
StrongNameHelpers,0,0,0,0,0,0,14,0,0,0,0,0,14
CspKeyContainerInfo,0,0,0,0,0,0,12.8,0,0,0,1.3,0,14
CustomAttributeNamedArgument,0,0,0,0,0,0,14.2,0,0,0,0,0,14
ContractFailedEventArgs,0,0,0,0,0,0,14.4,0,0,0,0,0,14
ThreadLocal<T>,1.2,0,0,0,0,0,3.2,0,0,10,0,0,14
FileCodeGroup,1.8,0,0,0,0,0,12.8,0,0,0,0,0,14
AggregateException,2.4,0,0,0,0,0,12.4,0,0,0,0,0,14
OperationCanceledException,0,0,0,0,0,0,14.4,0,0,0,0,0,14
SoapToken,1.6,0,0,0,0,0,12.8,0,0,0,0,0,14
RemotingSurrogateSelector,1.4,0,0,0,0,0,12.8,0,0,0,0,0,14
FileSystemEnumerableIterator<TSource>,7.4,0,0,1.5,0,0,3.2,1.6,0,0,0,0,14
ManifestBuilder,3,1.33333333333333,0,2.34,0,0,6.4,0,0,0,0,0,14
OperatingSystem,2.8,0,0,0,0,0,11.2,0,0,0,0,0,14
NotFiniteNumberException,0,0,0,0,0,0,14.4,0,0,0,0,0,14
ObfuscationAttribute,0,0,0,0,0,0,14.4,0,0,0,0,0,14
AllMembershipCondition,0,0,0,0,0,0,14.4,0,0,0,0,0,14
ConsoleKey,0,0,0,0,0,0,0,14.5,0,0,0,0,14
Tuple<T1>,0,0,0,0,0,0,14.4,0,0,0,0,0,14
ServerFault,0,0,0,0,0,0,14.4,0,0,0,0,0,14
Tuple<T1,T2>,0,0,0,0,0,0,14.4,0,0,0,0,0,14
ApplicationDirectoryMembershipCondition,1.6,0,0,0,0,0,12.8,0,0,0,0,0,14
RSAOAEPKeyExchangeFormatter,0,0,0,0,0,0,14.4,0,0,0,0,0,14
TypeNameParser,6,0,0,0,0,0,8.8,0,0,0,0,0,14
Signature,0,0,0,0,0,0,14,0,0,0,0,0,14
DSA,2.6,0,2.33333333333333,1.53,1.13333333333333,1.33333333333333,4.8,0,0,0,0,0,13
AsymmetricAlgorithm,1.2,0,0,0,0,0,12.8,0,0,0,0,0,13
ConditionalWeakTable<TKey,TValue>,4.8,0,0,1.0925,0,0,6.4,0,0,0,0,0,13
IsolatedStorageFilePermission,5.8,0,0,0,0,0,8,0,0,0,0,0,13
PermissionToken,1.4,0,0,0,0,0,12,0,0,0,0,0,13
StrongNameIdentityPermissionAttribute,1.6,0,0,0,0,1.16666666666667,11.2,0,0,0,0,0,13
CrossContextChannel,2.8,0,0,0,0,0,10.4,0,0,0,0,0,13
GenericAcl,1.2,0,1.33333333333333,0,0,0,11.2,0,0,0,0,0,13
MetadataColumn,0,0,0,0,0,0,0,13.3,0,0,0,0,13
ConsoleKeyInfo,1.2,0,0,0,0,0,12.8,0,0,0,0,0,13
Publisher,2,0,0,0,0,0,11.2,0,0,0,0,0,13
CurrentSystemTimeZone,5,0,0,0,0,0,8.6,0,0,0,0,0,13
TplEtwProvider,0,0,0,0,0,0,13.8,0,0,0,0,0,13
BaseCodePageEncoding,0,0,0,0,0,0,11.2,1.1,0,1.5,0,0,13
MarshalAsAttribute,0,0,0,0,0,0,13.4,0,0,0,0,0,13
SHA1Managed,2.2,0,0,2.7475,0,0,7.2,0,0,0,0,0,13
StackFrameHelper,0,0,0,0,0,0,12.8,1.1,0,0,0,0,13
EventWrittenEventArgs,1.2,0,0,0,0,0,12.8,0,0,0,0,0,13
CDSCollectionETWBCLProvider,0,0,0,0,0,0,12.2,0,0,0,0,0,12
RawAcl,1.2,0,1.33333333333333,0,0,0,9.6,0,0,0,0,0,12
OrderablePartitioner<TSource>,0,0,0,0,0,0,12.8,0,0,0,0,0,12
ExceptionHandlingClause,1.2,0,0,0,0,0,11.2,0,0,0,0,0,12
LogSwitch,1.2,0,0,0,0,0,11.2,0,0,0,0,0,12
FileSystemAccessRule,1.4,0,0,0,0,0,11.2,0,0,0,0,0,12
RSAPKCS1KeyExchangeDeformatter,1.2,0,0,0,0,0,11.2,0,0,0,0,0,12
SZArrayHelper,0,0,0,0,0,0,12.8,0,0,0,0,0,12
SoapNcName,0,0,0,0,0,0,12.8,0,0,0,0,0,12
SoapId,0,0,0,0,0,0,12.8,0,0,0,0,0,12
SoapIdref,0,0,0,0,0,0,12.8,0,0,0,0,0,12
SoapNmtokens,0,0,0,0,0,0,12.8,0,0,0,0,0,12
MissingFieldException,0,0,0,0,0,0,11,0,0,0,0,1.25,12
MemoryFailPoint,5.4,0,1.33333333333333,1.1925,1.2,0,3.2,0,0,0,0,0,12
MissingMethodException,0,0,0,0,0,0,11.4,0,0,0,0,1.25,12
PEFileEvidenceFactory,1.6,0,0,0,0,0,11.2,0,0,0,0,0,12
ParallelForReplicaTask,0,0,0,0,0,0,12.8,0,0,0,0,0,12
TypeLoadException,1.2,0,0,0,0,0,10.8,0,0,0,0,0,12
HostProtectionPermission,0,0,0,0,0,0,12.8,0,0,0,0,0,12
ParallelOptions,0,0,0,0,0,0,12.8,0,0,0,0,0,12
SoapEntity,0,0,0,0,0,0,12.8,0,0,0,0,0,12
SoapAttribute,0,0,0,0,0,0,12.8,0,0,0,0,0,12
SoapNmtoken,0,0,0,0,0,0,12.8,0,0,0,0,0,12
Internal,0,0,0,1.45,0,9,1.6,0,0,0,0,0,12
SoapInteger,0,0,0,0,0,0,12.8,0,0,0,0,0,12
SoapAnyUri,0,0,0,0,0,0,12.8,0,0,0,0,0,12
SoapHexBinary,0,0,0,0,0,0,12.4,0,0,0,0,0,12
SoapMonthDay,0,0,0,0,0,0,12.8,0,0,0,0,0,12
SoapDay,0,0,0,0,0,0,12.8,0,0,0,0,0,12
SoapMonth,0,0,0,0,0,0,12.8,0,0,0,0,0,12
SoapIdrefs,0,0,0,0,0,0,12.8,0,0,0,0,0,12
ArrayWithOffset,0,0,0,0,0,0,12.8,0,0,0,0,0,12
SoapEntities,0,0,0,0,0,0,12.8,0,0,0,0,0,12
SoapName,0,0,0,0,0,0,12.8,0,0,0,0,0,12
SoapNotation,0,0,0,0,0,0,12.8,0,0,0,0,0,12
SoapNormalizedString,0,0,0,0,0,0,12.8,0,0,0,0,0,12
SoapLanguage,0,0,0,0,0,0,12.8,0,0,0,0,0,12
FieldToken,0,0,0,0,0,0,12.8,0,0,0,0,0,12
ArgumentException,0,0,0,0,0,0,12.8,0,0,0,0,0,12
ApplicationIdentity,0,0,0,0,0,0,12.8,0,0,0,0,0,12
GacMembershipCondition,0,0,0,0,0,0,12.8,0,0,0,0,0,12
AttributeUsageAttribute,0,0,0,0,0,0,12.8,0,0,0,0,0,12
EventToken,0,0,0,0,0,0,12.8,0,0,0,0,0,12
PropertyToken,0,0,0,0,0,0,12.8,0,0,0,0,0,12
SignatureToken,0,0,0,0,0,0,12.8,0,0,0,0,0,12
TypeToken,0,0,0,0,0,0,12.8,0,0,0,0,0,12
MethodRental,2,0,1.66666666666667,0,0,0,9.2,0,0,0,0,0,12
MethodToken,0,0,0,0,0,0,12.8,0,0,0,0,0,12
ParameterToken,0,0,0,0,0,0,12.8,0,0,0,0,0,12
BuiltInPermissionSets,0,0,0,0,0,0,11.2,1.6,0,0,0,0,12
AssemblyEvidenceFactory,1.2,0,0,0,0,0,11,0,0,0,0,0,12
PrincipalPermissionAttribute,0,0,0,0,0,0,12.8,0,0,0,0,0,12
ArgMapper,2.6,0,0,1.06,1.33333333333333,0,8,0,0,0,0,0,12
UnitySerializationHolder,5.8,0,0,1.385,0,0,3.2,2,0,0,0,0,12
IllogicalCallContext,0,0,0,0,0,0,12.8,0,0,0,0,0,12
DelegateSerializationHolder,7,0,0,0,0,0,5.6,0,0,0,0,0,12
SoapTime,0,0,0,0,0,0,11.4,0,0,0,0,0,11
PublisherIdentityPermissionAttribute,0,0,0,0,0,0,11.2,0,0,0,0,0,11
RegisteredChannelList,0,0,0,0,0,0,11.2,0,0,0,0,0,11
StringReader,3.4,0,1.33333333333333,0,0,0,6.4,0,0,0,0,0,11
Iterator<TSource>,0,0,0,0,0,0,11.2,0,0,0,0,0,11
EnvironmentPermissionAttribute,0,0,0,0,0,0,11.2,0,0,0,0,0,11
SoapDate,0,0,0,0,0,0,11.2,0,0,0,0,0,11
CrossAppDomainSink,5.8,0,0,0,0,0,6,0,0,0,0,0,11
HostProtectionException,0,0,0,0,0,0,11.2,0,0,0,0,0,11
AuthorizationRule,1.8,0,1.66666666666667,0,0,0,8,0,0,0,0,0,11
TypeEntry,0,0,0,0,0,0,11.2,0,0,0,0,0,11
DictionaryEnumeratorByKeys,0,0,0,0,0,0,11.2,0,0,0,0,0,11
LifetimeServices,0,0,0,0,0,0,11.2,0,0,0,0,0,11
IdentityNotMappedException,0,0,0,0,0,0,11.2,0,0,0,0,0,11
RemotingXmlConfigFileData,0,0,0,0,0,1.16666666666667,2.8,1.2,0,6,0,0,11
ReadOnlyCollectionBase,0,0,0,0,0,0,11.2,0,0,0,0,0,11
TransitionCall,0,0,0,0,0,0,11.2,0,0,0,0,0,11
StrongNamePublicKeyBlob,0,0,0,0,0,0,11.2,0,0,0,0,0,11
InternalST,0,0,0,0,0,0,11.2,0,0,0,0,0,11
CriticalHandle,0,0,0,0,0,0,11.2,0,0,0,0,0,11
FastResourceComparer,1.8,0,0,0,0,0,9.6,0,0,0,0,0,11
Object,0,0,0,0,0,0,11.2,0,0,0,0,0,11
ApplicationDirectory,0,0,0,0,0,0,11.2,0,0,0,0,0,11
IsolatedStorageFileEnumerator,3.6,0,0,1.1375,0,0,6.4,0,0,0,0,0,11
MemberPrimitiveUnTyped,0,0,0,0,0,0,11.2,0,0,0,0,0,11
Label,0,0,0,0,0,0,11.2,0,0,0,0,0,11
SortKey,2.2,0,0,0,0,0,9.6,0,0,0,0,0,11
StringToken,0,0,0,0,0,0,11.2,0,0,0,0,0,11
BinaryMethodCallMessage,0,0,0,0,0,0,11.2,0,0,0,0,0,11
DecoderFallbackException,0,0,0,0,0,0,11.2,0,0,0,0,0,11
DecoderFallbackBuffer,3.4,0,0,0,0,0,7.8,0,0,0,0,0,11
MethodBody,0,0,0,0,0,0,11.2,0,0,0,0,0,11
TripleDESCryptoServiceProvider,2.4,0,0,0,0,0,8.8,0,0,0,0,0,11
RNGCryptoServiceProvider,0,0,0,0,0,0,11.2,0,0,0,0,0,11
ContractException,0,0,0,0,0,0,11.2,0,0,0,0,0,11
DebuggerTypeProxyAttribute,0,0,0,0,0,0,11.2,0,0,0,0,0,11
SoapBase64Binary,0,0,0,0,0,0,11.2,0,0,0,0,0,11
CommonAce,5.4,0,0,0,0,0,6.4,0,0,0,0,0,11
SymbolToken,0,0,0,0,0,0,11.2,0,0,0,0,0,11
UrlAttribute,0,0,0,0,0,0,11.2,0,0,0,0,0,11
RSAPKCS1KeyExchangeFormatter,0,0,0,0,0,0,11.2,0,0,0,0,0,11
CallContext,0,0,0,0,0,0,11.2,0,0,0,0,0,11
TripleDES,1.4,0,1.33333333333333,0,0,0,9.2,0,0,0,0,0,11
GacInstalled,0,0,0,0,0,0,11.2,0,0,0,0,0,11
UnionCodeGroup,1.8,0,0,0,0,0,9.6,0,0,0,0,0,11
HostExecutionContext,0,0,0,0,0,0,11.2,0,0,0,0,0,11
__Filters,8.4,0,0,0,0,0,2.8,0,0,0,0,0,11
DuplicateWaitObjectException,0,0,0,0,0,0,11.2,0,0,0,0,0,11
ThreadPoolWorkQueue,3.8,1.66666666666667,0,0,0,0,3.2,0,0,1.5,0,0,11
SafeHandle,0,0,0,0,0,0,11.2,0,0,0,0,0,11
InternalActivationContextHelper,0,0,0,0,0,0,11.2,0,0,0,0,0,11
TaskExceptionHolder,3.8,0,0,0,0,0,8,0,0,0,0,0,11
ObjectDisposedException,0,0,0,0,0,0,11.2,0,0,0,0,0,11
DESCryptoServiceProvider,2.2,0,0,0,0,0,8,0,0,0,0,0,10
FileStreamAsyncResult,1.2,0,0,0,0,0,8,1.2,0,0,0,0,10
OverlappedDataCache,5.6,0,0,0,0,0,4.8,0,0,0,0,0,10
EUCJPEncoding,6.4,0,0,1.2825,0,0,1.6,0,0,0,0,1.25,10
ThreadPoolTaskScheduler,0,0,0,0,0,0,10.8,0,0,0,0,0,10
SoapDuration,2.6,0,0,1.57,1.13333333333333,1.66666666666667,3.2,0,0,0,0,0,10
StubHelpers,0,0,0,0,0,0,8,0,2.1,0,0,0,10
ContextAttribute,1.2,0,0,0,0,0,9.6,0,0,0,0,0,10
InternalDecoderBestFitFallbackBuffer,2.4,0,0,0,0,0,8,0,0,0,0,0,10
CmsUtils,4,0,0,0,0,0,6.4,0,0,0,0,0,10
UrlMembershipCondition,2.6,0,0,0,0,0,8,0,0,0,0,0,10
RC2,0,0,0,0,0,0,10.8,0,0,0,0,0,10
LocalActivator,3.8,0,0,0,0,0,6.4,0,0,0,0,0,10
CustomAce,0,0,0,0,0,0,10.8,0,0,0,0,0,10
_Type,0,0,0,0,0,0,0,0,5.6,0,4.6,0,10
CryptographicException,0,0,0,0,0,0,10.8,0,0,0,0,0,10
TextElementEnumerator,0,0,0,0,0,0,10.8,0,0,0,0,0,10
ClientContextTerminatorSink,3.2,0,0,0,0,0,7.2,0,0,0,0,0,10
Associates,4.4,0,0,1.07,1.13333333333333,0,4.2,0,0,0,0,0,10
